Store,Order Date,order_count,total_quantity,daily_revenue,daily_profit
Central,2024-01-01,1,2,116.8,39.41
Central,2024-01-04,1,3,28.78,4.44
Central,2024-01-14,1,2,127.52,13.01
Central,2024-01-17,1,1,139.68,28.79
Central,2024-01-28,1,1,59.09,22.28
Central,2024-02-05,1,1,30.6,12.33
Central,2024-02-07,1,4,78.06,27.56
Central,2024-02-11,1,1,37.21,10.91
Central,2024-02-14,1,1,31.11,5.95
Central,2024-02-16,1,3,123.98,41.34
Central,2024-02-18,2,2,24.68,8.68
Central,2024-02-22,1,5,281.4,102.48
Central,2024-02-23,2,5,220.43,35.08
Central,2024-02-29,1,3,46.62,11.91
Central,2024-03-09,1,2,40.66,5.5
Central,2024-03-10,1,2,74.04,13.1
Central,2024-03-14,1,4,117.99,59.73
Central,2024-03-17,1,5,172.43,24.66
Central,2024-03-23,1,1,41.34,9.15
Central,2024-03-26,1,1,19.78,3.27
Central,2024-03-29,1,2,31.28,8.26
Central,2024-04-08,1,2,90.61,17.15
Central,2024-04-14,2,5,239.52999999999997,73.57
Central,2024-04-18,1,3,63.44,19.63
Central,2024-04-20,1,1,56.54,28.29
Central,2024-04-22,1,1,47.36,25.01
Central,2024-04-27,1,2,22.54,5.97
Central,2024-04-28,1,2,77.69,36.36
Central,2024-04-29,1,2,32.52,13.67
Central,2024-05-11,1,4,342.44,166.62
Central,2024-05-12,1,3,66.55,16.71
Central,2024-05-13,1,4,210.41,46.75
Central,2024-05-15,1,2,96.88,55.7
Central,2024-05-17,1,2,68.36,27.39
Central,2024-06-01,1,1,70.1,28.88
Central,2024-06-02,2,2,116.53,45.67
Central,2024-06-05,1,1,32.49,10.55
Central,2024-06-11,1,3,160.22,28.29
Central,2024-06-15,1,1,40.56,18.26
Central,2024-06-16,1,4,513.27,108.92
Central,2024-06-18,1,2,47.96,15.87
Central,2024-06-27,1,2,46.1,19.67
Central,2024-06-30,2,3,180.22,92.53
Central,2024-07-01,1,1,94.77,22.05
Central,2024-07-06,2,7,127.13999999999999,30.919999999999998
Central,2024-07-18,1,2,29.33,6.83
Central,2024-07-26,1,3,75.53,35.4
Central,2024-07-27,1,1,11.12,3.1
Central,2024-07-29,2,3,132.69,41.260000000000005
Central,2024-07-30,2,4,233.3,105.3
Central,2024-08-02,1,2,95.52,21.54
Central,2024-08-10,1,3,164.28,22.73
Central,2024-08-11,1,1,9.84,3.38
Central,2024-08-12,1,2,136.03,30.43
Central,2024-08-14,1,2,124.15,29.12
Central,2024-08-21,1,1,77.14,25.92
Central,2024-08-30,1,2,13.14,8.08
Central,2024-09-14,1,1,24.15,4.98
Central,2024-09-17,1,2,89.16,32.36
Central,2024-09-23,1,2,130.13,64.42
Central,2024-09-24,1,1,36.1,14.88
Central,2024-09-27,1,1,53.72,8.81
Central,2024-09-30,1,3,192.21,78.68
Central,2024-10-03,1,1,8.17,4.57
Central,2024-10-11,2,4,154.2,50.599999999999994
Central,2024-10-14,1,4,53.93,29.86
Central,2024-10-16,1,2,26.28,16.63
Central,2024-10-20,1,2,32.02,5.12
Central,2024-10-30,1,1,31.86,15.0
Central,2024-10-31,1,3,155.01,37.25
Central,2024-11-02,1,1,21.2,6.81
Central,2024-11-07,1,2,76.12,33.34
Central,2024-11-09,2,6,371.03000000000003,86.65
Central,2024-11-16,1,3,69.23,27.38
Central,2024-11-20,1,2,128.48,61.89
Central,2024-11-22,1,2,51.78,26.93
Central,2024-11-23,1,2,83.11,19.3
Central,2024-11-27,2,3,100.22999999999999,54.67
Central,2024-11-28,1,4,196.88,48.45
Central,2024-11-29,1,2,71.62,9.39
Central,2024-12-01,1,2,161.2,85.53
Central,2024-12-02,2,4,343.23,53.81
Central,2024-12-06,2,2,98.38,30.130000000000003
Central,2024-12-07,1,2,59.2,10.69
Central,2024-12-09,1,2,26.28,5.3
Central,2024-12-10,1,2,111.82,33.79
Central,2024-12-15,1,3,45.37,28.5
Central,2024-12-17,1,1,14.58,3.45
Central,2024-12-19,1,2,23.3,6.91
Central,2024-12-21,1,1,11.77,2.48
Central,2024-12-22,1,3,140.84,16.69
Central,2024-12-24,2,3,161.95,54.61
Central,2024-12-25,1,2,95.24,41.68
Central,2024-12-27,1,2,44.59,14.93
Central,2025-01-05,1,1,29.58,15.59
Central,2025-01-10,1,1,37.05,14.04
Central,2025-01-14,1,2,117.44,25.02
Central,2025-01-22,2,4,145.99,67.86
Central,2025-01-25,1,2,261.61,50.26
Central,2025-01-29,1,3,176.58,68.57
Central,2025-02-07,1,3,180.66,66.38
Central,2025-02-08,1,2,18.0,10.61
Central,2025-02-10,1,4,291.07,159.84
Central,2025-02-11,1,1,55.6,22.2
Central,2025-02-12,1,1,39.42,25.49
Central,2025-02-13,1,4,64.0,13.86
Central,2025-02-22,1,1,33.3,14.21
Central,2025-02-23,1,2,87.9,20.41
Central,2025-03-04,1,3,168.26,73.87
Central,2025-03-11,1,1,30.64,19.48
Central,2025-03-17,1,3,371.79,37.26
Central,2025-03-19,1,1,27.08,2.76
Central,2025-03-26,1,2,44.06,12.67
Central,2025-03-31,1,2,53.35,12.22
Central,2025-04-04,2,4,175.66,43.3
Central,2025-04-09,1,1,105.56,25.07
Central,2025-04-10,2,3,149.96,53.900000000000006
Central,2025-04-14,1,1,71.21,28.1
Central,2025-04-19,1,2,68.59,17.49
Central,2025-04-21,1,1,9.93,2.9
Central,2025-04-24,1,5,420.95,73.68
Central,2025-04-25,1,1,27.94,4.01
Central,2025-04-28,1,3,179.07,93.39
Central,2025-04-29,1,1,28.47,7.09
Central,2025-04-30,2,4,230.14,85.53
Central,2025-05-01,1,1,53.27,14.3
Central,2025-05-08,1,2,116.96,33.01
Central,2025-05-14,1,1,27.42,12.65
Central,2025-05-16,1,1,34.95,17.6
Central,2025-05-19,1,2,227.85,23.21
Central,2025-05-20,1,2,86.39,25.75
Central,2025-05-26,1,1,67.38,6.62
Central,2025-06-04,1,1,65.68,27.75
Central,2025-06-05,1,1,30.02,8.24
Central,2025-06-10,1,1,38.48,21.82
Central,2025-06-16,1,5,213.12,116.36
Central,2025-06-22,1,2,63.66,37.23
Central,2025-06-26,1,2,66.46,30.99
Central,2025-07-13,1,1,30.87,14.97
Central,2025-07-14,2,2,42.1,18.69
Central,2025-07-15,1,1,19.64,5.92
Central,2025-07-17,2,3,168.48000000000002,57.78999999999999
Central,2025-07-21,2,3,76.77,44.34
Central,2025-08-04,2,3,60.050000000000004,23.7
Central,2025-08-07,2,3,121.94999999999999,45.83
Central,2025-08-11,1,1,46.85,19.31
Central,2025-08-12,1,2,78.08,10.7
Central,2025-08-18,1,1,43.03,13.13
Central,2025-08-28,1,2,29.75,7.22
Central,2025-08-30,1,1,113.54,21.08
Central,2025-09-02,2,3,82.36,30.740000000000002
Central,2025-09-03,1,1,31.54,10.46
Central,2025-09-06,1,1,30.18,6.75
Central,2025-09-13,1,1,35.28,7.62
Central,2025-09-15,1,1,56.73,4.98
Central,2025-09-16,1,5,365.6,150.05
Central,2025-09-19,2,3,147.99,61.03
Central,2025-10-06,1,3,67.53,5.62
Central,2025-10-10,1,1,32.4,9.68
Central,2025-10-12,1,2,53.98,17.75
Central,2025-10-14,1,3,111.97,61.29
Central,2025-10-15,1,4,267.7,79.23
Central,2025-10-18,1,3,242.34,98.58
Central,2025-10-20,1,1,79.23,26.89
Central,2025-10-21,1,3,179.94,60.63
Central,2025-10-24,1,5,97.6,49.0
Central,2025-10-29,1,1,41.84,23.82
Central,2025-10-31,1,2,44.16,14.46
Central,2025-11-03,2,5,459.3,97.31
Central,2025-11-08,2,4,132.72,63.03
Central,2025-11-13,2,3,213.12,59.620000000000005
Central,2025-11-15,1,1,45.68,9.13
Central,2025-11-20,1,2,48.36,24.2
Central,2025-11-21,1,1,61.47,33.05
Central,2025-11-26,1,1,14.33,6.96
Central,2025-11-30,1,1,50.14,18.76
Central,2025-12-06,2,2,43.59,24.61
Central,2025-12-09,2,4,74.03,46.42
Central,2025-12-11,1,2,98.28,33.09
Central,2025-12-13,1,1,43.47,10.06
Central,2025-12-16,2,3,100.59,27.28
Central,2025-12-17,1,3,449.34,95.69
Central,2025-12-24,1,1,86.97,40.98
Central,2025-12-25,1,3,32.29,16.54
East,2024-01-06,1,1,52.02,17.25
East,2024-01-07,2,4,174.36,70.96
East,2024-01-17,2,5,277.34000000000003,71.91
East,2024-01-20,1,2,220.46,21.3
East,2024-01-22,2,5,153.04,49.3
East,2024-01-24,1,1,50.72,12.39
East,2024-01-25,1,1,19.58,4.62
East,2024-01-28,2,5,113.92,48.31
East,2024-01-30,1,1,35.82,8.5
East,2024-02-11,1,1,89.98,11.46
East,2024-02-17,1,2,47.76,10.24
East,2024-02-23,2,5,189.66,57.69
East,2024-02-27,1,2,87.03,40.72
East,2024-02-28,2,4,303.54,37.95
East,2024-03-10,1,1,21.39,10.61
East,2024-03-13,1,2,102.2,30.37
East,2024-03-17,1,2,68.7,12.64
East,2024-03-18,1,1,37.46,19.28
East,2024-03-19,1,3,120.15,24.92
East,2024-03-22,1,3,77.01,14.22
East,2024-03-31,1,3,139.59,76.28
East,2024-04-02,1,4,108.54,35.41
East,2024-04-04,1,3,87.18,56.66
East,2024-04-09,1,3,147.07,11.82
East,2024-04-12,2,3,166.97,58.83
East,2024-04-14,1,1,27.03,7.93
East,2024-04-28,1,3,73.87,29.16
East,2024-05-06,1,2,39.96,22.13
East,2024-05-08,1,1,72.9,23.53
East,2024-05-10,1,1,19.41,4.35
East,2024-05-20,1,2,44.75,5.17
East,2024-05-26,1,1,92.66,21.12
East,2024-06-01,1,1,59.36,20.11
East,2024-06-02,1,2,87.1,53.33
East,2024-06-05,3,4,266.45,83.53
East,2024-06-07,2,3,226.18,53.88
East,2024-06-13,1,1,75.89,17.57
East,2024-06-20,1,1,39.49,16.26
East,2024-06-23,1,3,122.34,69.01
East,2024-07-02,2,2,97.66999999999999,27.22
East,2024-07-03,1,5,78.28,19.61
East,2024-07-09,1,2,69.18,33.34
East,2024-07-14,1,1,28.41,8.95
East,2024-07-19,1,1,33.74,8.82
East,2024-07-25,2,5,99.0,31.770000000000003
East,2024-08-07,1,1,26.9,13.73
East,2024-08-14,1,1,50.09,19.05
East,2024-08-22,1,2,67.25,18.49
East,2024-08-25,1,1,125.92,18.03
East,2024-09-03,1,2,101.92,20.83
East,2024-09-10,1,5,158.58,78.78
East,2024-09-14,1,1,38.87,8.41
East,2024-09-16,1,2,124.64,60.35
East,2024-10-04,1,1,83.65,13.75
East,2024-10-05,2,6,159.73000000000002,60.46
East,2024-10-09,1,1,36.35,20.54
East,2024-10-12,1,1,15.81,2.79
East,2024-10-18,1,2,61.71,35.8
East,2024-10-20,1,3,57.81,12.03
East,2024-10-24,1,3,62.79,33.01
East,2024-10-28,1,1,54.92,20.77
East,2024-10-30,1,1,38.31,19.31
East,2024-11-06,1,5,619.75,90.31
East,2024-11-08,1,2,59.77,18.33
East,2024-11-12,1,1,41.99,16.4
East,2024-11-13,2,4,196.82,78.78999999999999
East,2024-11-23,1,1,21.15,6.54
East,2024-11-24,2,2,81.77000000000001,31.160000000000004
East,2024-11-30,2,3,146.75,51.28
East,2024-12-02,1,2,132.86,64.19
East,2024-12-03,1,4,109.64,37.23
East,2024-12-04,3,5,199.93,95.13
East,2024-12-06,1,2,72.66,28.78
East,2024-12-10,1,1,51.92,8.61
East,2024-12-14,1,3,393.78,57.16
East,2024-12-15,1,1,70.64,11.78
East,2024-12-23,1,1,45.28,20.92
East,2024-12-31,1,1,25.36,8.88
East,2025-01-01,1,2,92.29,26.05
East,2025-01-20,2,3,79.03,35.08
East,2025-02-08,1,1,34.17,16.7
East,2025-02-10,1,2,68.54,18.24
East,2025-02-12,1,1,52.35,8.52
East,2025-02-13,1,1,44.51,7.81
East,2025-02-21,1,5,128.84,43.69
East,2025-03-02,1,2,69.6,19.16
East,2025-03-05,1,2,63.44,13.19
East,2025-03-06,1,3,161.41,60.19
East,2025-03-10,1,1,19.97,6.25
East,2025-03-17,1,1,16.29,10.05
East,2025-03-20,1,2,54.95,20.67
East,2025-03-24,1,2,156.86,50.48
East,2025-03-30,1,2,48.83,20.12
East,2025-04-01,1,4,68.16,12.94
East,2025-04-06,1,4,139.36,51.74
East,2025-04-07,1,1,69.19,20.02
East,2025-04-08,1,1,52.45,17.53
East,2025-04-09,1,1,19.24,8.02
East,2025-04-16,1,1,20.37,4.19
East,2025-05-05,1,2,132.41,15.69
East,2025-05-11,1,4,47.85,27.28
East,2025-05-12,2,3,70.3,25.919999999999998
East,2025-05-13,1,2,226.42,44.56
East,2025-05-14,1,3,91.15,37.63
East,2025-05-24,1,4,386.44,57.13
East,2025-05-25,1,4,245.17,94.32
East,2025-05-28,1,1,39.45,22.39
East,2025-05-31,1,2,20.74,8.72
East,2025-06-09,1,2,159.82,54.49
East,2025-06-11,1,1,46.68,15.8
East,2025-06-12,1,2,237.1,19.77
East,2025-06-22,2,5,313.6,78.57000000000001
East,2025-06-23,1,3,180.36,85.36
East,2025-07-11,1,1,13.02,3.21
East,2025-07-18,1,4,116.61,72.48
East,2025-07-25,1,2,46.88,29.05
East,2025-07-26,1,1,51.42,10.65
East,2025-07-28,1,1,25.49,4.4
East,2025-08-02,1,1,26.32,6.5
East,2025-08-11,1,1,47.05,14.03
East,2025-08-14,1,1,29.18,17.04
East,2025-08-17,1,1,41.79,12.91
East,2025-08-18,1,3,263.73,117.07
East,2025-08-19,1,2,62.72,14.29
East,2025-08-22,1,1,7.57,3.31
East,2025-08-23,1,2,14.72,7.34
East,2025-08-27,2,3,26.450000000000003,12.57
East,2025-09-04,1,1,17.24,11.2
East,2025-09-06,1,2,77.88,40.69
East,2025-09-07,1,5,277.83,69.03
East,2025-09-11,1,4,361.19,65.7
East,2025-09-16,2,5,249.3,117.37
East,2025-09-17,1,1,15.93,4.24
East,2025-09-20,2,4,65.6,27.009999999999998
East,2025-09-23,1,5,81.56,29.99
East,2025-09-28,1,3,61.37,38.95
East,2025-09-30,1,3,30.03,12.46
East,2025-10-02,1,2,179.87,39.34
East,2025-10-09,1,2,34.74,5.91
East,2025-10-11,1,3,148.75,79.93
East,2025-10-12,1,1,25.83,2.27
East,2025-10-13,1,1,16.08,6.21
East,2025-10-14,1,1,47.43,7.69
East,2025-10-15,1,2,15.86,6.42
East,2025-10-18,1,2,77.34,49.11
East,2025-10-19,1,1,12.34,2.74
East,2025-10-20,1,3,300.94,37.86
East,2025-10-21,1,2,93.33,55.73
East,2025-10-22,1,2,95.69,52.38
East,2025-10-23,1,1,17.66,11.24
East,2025-10-24,2,6,258.1,99.73
East,2025-10-27,2,6,606.2,95.30000000000001
East,2025-10-29,1,4,133.09,32.38
East,2025-11-03,2,5,242.4,91.62
East,2025-11-04,1,1,35.02,19.85
East,2025-11-09,2,7,310.98,134.7
East,2025-11-10,1,4,332.86,62.16
East,2025-11-19,1,2,141.87,27.23
East,2025-11-23,1,2,43.05,26.21
East,2025-12-05,1,1,27.78,12.67
East,2025-12-07,1,4,205.8,44.37
East,2025-12-09,2,6,204.87,43.95
East,2025-12-15,1,1,6.87,3.87
East,2025-12-22,1,2,114.92,18.08
East,2025-12-29,2,3,166.32,38.089999999999996
North,2024-01-02,1,4,75.48,15.21
North,2024-01-05,1,1,148.13,27.32
North,2024-01-06,1,2,88.72,38.59
North,2024-01-08,1,1,21.35,12.98
North,2024-01-16,1,2,93.42,33.18
North,2024-01-19,2,3,103.63999999999999,24.549999999999997
North,2024-01-25,1,1,76.22,27.62
North,2024-01-29,1,1,26.85,14.3
North,2024-02-03,1,1,45.6,21.05
North,2024-02-04,1,2,120.0,63.11
North,2024-02-05,1,1,32.4,4.82
North,2024-02-14,1,1,116.23,25.84
North,2024-02-19,1,1,27.75,6.76
North,2024-02-21,1,1,36.47,10.06
North,2024-02-22,1,2,52.58,25.93
North,2024-02-23,1,1,33.25,15.19
North,2024-03-06,1,2,98.38,20.98
North,2024-03-07,1,3,66.66,30.63
North,2024-03-14,1,3,106.95,48.94
North,2024-03-16,1,3,222.06,88.02
North,2024-03-17,1,3,94.32,50.55
North,2024-03-18,1,3,168.75,78.3
North,2024-03-24,1,2,114.05,35.05
North,2024-04-02,1,1,41.16,18.76
North,2024-04-13,1,1,80.02,37.63
North,2024-04-19,1,1,13.69,5.17
North,2024-04-27,1,1,114.17,22.67
North,2024-04-28,1,1,43.03,11.02
North,2024-05-01,2,6,189.36,70.16
North,2024-05-12,1,3,105.17,21.88
North,2024-05-22,1,3,111.52,27.38
North,2024-06-06,1,2,132.5,66.41
North,2024-06-08,1,2,160.86,28.91
North,2024-06-13,1,4,179.1,60.4
North,2024-06-17,1,1,40.81,18.4
North,2024-06-20,1,1,38.05,12.91
North,2024-06-27,1,1,29.71,16.15
North,2024-06-28,1,3,150.31,33.56
North,2024-06-30,1,1,95.47,20.98
North,2024-07-02,2,6,106.24,38.96
North,2024-07-06,1,3,207.16,72.27
North,2024-07-08,1,1,84.08,37.93
North,2024-07-13,1,3,181.86,84.52
North,2024-07-14,2,5,129.17000000000002,72.37
North,2024-07-19,1,2,47.43,28.41
North,2024-07-24,1,4,196.62,64.39
North,2024-07-26,1,3,348.68,52.01
North,2024-08-10,1,2,99.0,61.54
North,2024-08-12,1,4,254.08,82.86
North,2024-08-14,1,2,43.68,27.9
North,2024-08-23,1,1,40.68,17.54
North,2024-09-12,1,2,107.66,53.41
North,2024-09-16,2,5,298.91999999999996,63.07
North,2024-09-18,1,1,31.03,11.58
North,2024-09-22,1,3,168.02,50.16
North,2024-09-25,1,3,157.59,63.84
North,2024-09-26,1,1,35.4,15.17
North,2024-09-30,1,2,50.18,21.37
North,2024-10-01,1,1,25.96,15.97
North,2024-10-07,1,2,90.08,14.81
North,2024-10-21,1,1,47.14,24.85
North,2024-10-23,1,2,35.21,7.72
North,2024-10-24,1,4,36.11,22.37
North,2024-10-29,2,2,69.37,16.48
North,2024-11-04,1,3,55.56,10.63
North,2024-11-07,1,1,37.3,11.53
North,2024-11-08,1,2,131.31,42.45
North,2024-11-09,1,2,98.84,50.13
North,2024-11-10,1,4,307.3,139.85
North,2024-11-11,2,5,268.23,82.42
North,2024-11-13,1,2,157.26,51.91
North,2024-11-14,2,6,163.57999999999998,42.16
North,2024-11-15,2,5,232.06,102.00999999999999
North,2024-11-17,1,2,128.52,43.56
North,2024-11-19,1,1,21.59,3.76
North,2024-11-21,1,4,303.34,129.85
North,2024-11-23,2,5,196.46,39.21
North,2024-11-24,1,2,236.72,27.62
North,2024-11-28,1,2,101.34,45.43
North,2024-11-30,1,1,73.82,35.1
North,2024-12-01,1,5,85.8,22.89
North,2024-12-02,3,7,434.79,139.92000000000002
North,2024-12-04,1,2,120.9,63.98
North,2024-12-06,2,3,75.94,37.64
North,2024-12-07,1,2,142.67,64.54
North,2024-12-08,1,1,40.73,17.76
North,2024-12-12,1,2,101.8,23.24
North,2024-12-15,1,1,16.63,6.47
North,2024-12-18,1,1,38.34,20.58
North,2024-12-21,2,5,333.1,131.49
North,2024-12-25,1,1,29.07,10.32
North,2024-12-27,1,4,298.57,68.45
North,2024-12-29,1,2,95.82,45.87
North,2025-01-01,3,6,616.74,145.48999999999998
North,2025-01-08,1,4,52.45,10.95
North,2025-01-09,1,5,95.0,59.17
North,2025-01-11,2,5,331.38,87.77000000000001
North,2025-01-12,2,5,309.66,108.18
North,2025-01-14,1,4,174.24,38.28
North,2025-01-16,1,1,36.42,16.11
North,2025-01-17,1,4,108.8,56.18
North,2025-01-22,1,3,205.79,100.29
North,2025-02-05,2,4,119.26,33.65
North,2025-02-16,1,1,20.22,7.46
North,2025-02-17,1,1,12.42,6.04
North,2025-02-19,1,2,28.08,10.64
North,2025-02-20,1,5,97.56,60.69
North,2025-02-28,1,4,202.93,65.03
North,2025-03-01,2,4,146.74,31.299999999999997
North,2025-03-11,1,2,29.39,6.57
North,2025-03-15,1,1,44.07,6.91
North,2025-03-17,1,1,70.49,38.74
North,2025-03-21,1,4,136.01,85.85
North,2025-03-22,1,2,48.72,29.97
North,2025-03-26,1,3,83.76,9.49
North,2025-04-08,1,4,226.48,60.14
North,2025-04-09,1,4,65.28,35.17
North,2025-04-11,1,3,120.42,13.3
North,2025-04-18,1,1,10.84,4.56
North,2025-04-19,2,3,168.69,53.83
North,2025-04-28,1,1,76.51,6.61
North,2025-04-30,1,1,76.27,31.73
North,2025-05-06,1,2,85.66,32.18
North,2025-05-13,1,1,80.25,25.12
North,2025-05-14,1,1,37.43,8.86
North,2025-05-23,1,2,191.65,17.74
North,2025-05-27,1,4,105.12,36.44
North,2025-05-28,1,1,36.84,23.37
North,2025-05-31,1,2,93.84,24.61
North,2025-06-10,1,2,32.86,5.53
North,2025-06-17,1,1,37.76,15.02
North,2025-06-28,1,2,60.9,38.43
North,2025-07-08,1,3,31.82,10.65
North,2025-07-10,1,4,62.4,40.25
North,2025-07-16,1,5,156.24,70.06
North,2025-07-17,1,2,28.19,16.36
North,2025-07-26,1,1,60.51,23.91
North,2025-07-27,1,1,33.23,19.4
North,2025-07-30,1,2,143.3,17.54
North,2025-08-12,1,2,146.61,69.74
North,2025-08-13,1,1,33.66,17.54
North,2025-08-14,1,2,54.74,15.6
North,2025-08-17,1,1,44.12,16.08
North,2025-08-18,1,2,71.98,25.5
North,2025-08-20,1,2,29.02,10.83
North,2025-08-23,1,1,33.2,14.82
North,2025-09-01,1,1,33.78,7.32
North,2025-09-05,1,2,60.42,30.09
North,2025-09-06,2,4,215.98,57.62
North,2025-09-16,1,4,140.16,31.81
North,2025-09-30,1,5,135.65,75.12
North,2025-10-01,1,1,15.03,5.71
North,2025-10-07,1,1,139.7,32.77
North,2025-10-08,1,2,207.9,23.71
North,2025-10-11,1,1,10.18,2.32
North,2025-10-13,1,1,9.92,5.35
North,2025-10-15,1,1,22.22,6.56
North,2025-10-20,1,2,101.19,41.09
North,2025-10-24,1,2,52.06,12.1
North,2025-10-26,1,4,545.6,115.45
North,2025-10-27,1,3,118.45,60.11
North,2025-10-30,1,1,31.05,10.39
North,2025-11-02,2,4,214.68,69.21000000000001
North,2025-11-08,1,5,171.9,92.35
North,2025-11-11,1,2,40.05,8.07
North,2025-11-13,1,1,27.61,10.22
North,2025-11-16,2,5,206.81,35.97
North,2025-11-25,2,3,100.52000000000001,48.87
North,2025-11-26,1,1,26.49,8.25
North,2025-11-29,2,3,132.14000000000001,50.870000000000005
North,2025-12-01,1,3,84.27,54.37
North,2025-12-02,1,2,37.41,19.4
North,2025-12-03,3,6,201.6,76.63
North,2025-12-09,1,1,67.05,13.69
North,2025-12-13,1,3,181.1,63.76
North,2025-12-16,1,1,6.81,2.79
North,2025-12-17,1,2,262.37,43.52
North,2025-12-23,1,2,78.3,25.6
South,2024-01-02,1,1,25.98,10.2
South,2024-01-07,3,6,312.86,80.50999999999999
South,2024-01-08,1,2,153.5,55.74
South,2024-01-09,1,2,254.39,62.66
South,2024-01-10,1,2,96.5,43.48
South,2024-01-11,1,5,113.18,47.3
South,2024-01-22,1,1,33.36,7.42
South,2024-01-25,1,1,28.48,6.76
South,2024-01-29,1,1,26.28,12.17
South,2024-02-05,1,3,348.63,35.26
South,2024-02-08,1,1,38.03,9.62
South,2024-02-13,1,2,31.63,11.04
South,2024-02-16,1,2,44.48,22.37
South,2024-02-21,2,3,157.57,87.69
South,2024-02-29,1,1,19.97,3.54
South,2024-03-08,1,1,26.07,11.49
South,2024-03-12,1,3,162.36,43.74
South,2024-03-13,1,1,28.64,11.92
South,2024-03-15,1,2,120.4,40.16
South,2024-03-16,1,3,39.3,22.8
South,2024-03-25,1,1,99.67,18.7
South,2024-04-03,1,1,25.12,9.69
South,2024-04-06,1,5,262.75,90.22
South,2024-04-07,1,2,93.96,23.45
South,2024-04-10,1,1,16.12,4.96
South,2024-04-19,1,3,272.52,58.75
South,2024-04-20,3,4,282.45000000000005,67.62
South,2024-04-23,1,2,83.81,14.41
South,2024-04-27,1,2,32.38,12.8
South,2024-04-28,1,1,21.02,12.63
South,2024-04-29,1,2,63.33,12.28
South,2024-04-30,1,3,107.88,59.17
South,2024-05-02,2,6,740.5799999999999,93.98
South,2024-05-10,1,2,27.48,6.24
South,2024-05-17,1,3,117.39,44.58
South,2024-05-23,1,2,152.4,25.45
South,2024-05-29,1,1,38.94,12.67
South,2024-05-30,1,5,311.08,26.4
South,2024-06-04,1,2,84.6,42.42
South,2024-06-08,1,3,266.7,23.88
South,2024-06-11,1,3,97.21,59.09
South,2024-06-12,1,3,69.28,16.63
South,2024-06-14,1,1,11.8,6.64
South,2024-06-17,2,5,261.9,97.66
South,2024-06-26,1,1,46.91,11.83
South,2024-06-27,2,2,77.12,28.97
South,2024-06-30,1,4,78.55,20.7
South,2024-07-07,1,3,86.35,28.22
South,2024-07-09,1,2,48.33,21.21
South,2024-07-25,1,3,70.99,26.72
South,2024-07-26,1,1,6.43,3.44
South,2024-07-27,2,3,161.2,39.46
South,2024-07-31,1,2,217.18,53.09
South,2024-08-02,1,3,36.81,20.04
South,2024-08-06,1,4,513.08,117.74
South,2024-08-07,1,1,20.17,10.49
South,2024-08-09,1,1,50.56,25.44
South,2024-08-11,1,1,38.26,12.34
South,2024-08-15,1,1,42.16,8.14
South,2024-08-16,1,1,52.48,17.49
South,2024-08-20,1,3,73.37,45.6
South,2024-08-23,1,1,43.29,26.92
South,2024-08-27,1,1,31.46,14.92
South,2024-09-04,1,3,296.57,35.95
South,2024-09-05,1,2,88.16,40.27
South,2024-09-07,1,3,117.94,25.91
South,2024-09-11,1,1,124.3,15.45
South,2024-09-12,2,6,239.14,72.44
South,2024-09-15,2,4,214.0,38.51
South,2024-09-16,1,2,70.21,11.18
South,2024-09-21,1,2,40.05,9.16
South,2024-09-24,1,1,42.43,8.5
South,2024-09-25,2,4,213.24,45.519999999999996
South,2024-10-01,1,2,125.46,27.85
South,2024-10-04,1,1,27.27,9.38
South,2024-10-05,1,3,98.28,17.85
South,2024-10-12,1,2,48.56,12.29
South,2024-10-22,1,2,92.16,38.49
South,2024-10-23,1,1,46.48,14.79
South,2024-10-25,1,1,31.24,18.22
South,2024-11-02,1,1,19.29,6.5
South,2024-11-07,1,3,135.2,59.6
South,2024-11-15,1,2,148.94,52.71
South,2024-11-18,1,1,41.09,17.87
South,2024-11-22,1,1,16.13,7.14
South,2024-11-23,1,1,124.96,20.96
South,2024-11-24,2,3,65.09,25.45
South,2024-11-25,1,4,127.62,38.21
South,2024-11-28,1,2,80.53,33.02
South,2024-12-02,1,4,179.74,84.77
South,2024-12-03,1,5,115.88,69.04
South,2024-12-08,1,1,39.7,13.26
South,2024-12-10,1,1,90.33,20.31
South,2024-12-11,1,2,55.59,16.04
South,2024-12-12,2,3,174.32,40.63
South,2024-12-13,1,1,50.95,13.87
South,2024-12-18,1,1,48.04,15.43
South,2024-12-29,1,2,30.1,5.37
South,2025-01-02,1,1,108.25,26.12
South,2025-01-10,1,3,105.51,67.72
South,2025-01-23,1,3,86.92,40.79
South,2025-01-26,1,2,32.28,13.98
South,2025-01-30,1,1,76.78,28.85
South,2025-01-31,1,3,139.49,46.32
South,2025-02-05,1,3,56.21,28.92
South,2025-02-06,2,2,121.71000000000001,39.57
South,2025-02-11,1,1,15.89,6.01
South,2025-02-21,1,1,23.0,2.96
South,2025-02-26,1,1,71.14,27.94
South,2025-02-28,1,1,36.49,6.95
South,2025-03-08,1,1,97.01,8.17
South,2025-03-09,1,1,10.32,3.32
South,2025-03-10,1,2,75.98,36.23
South,2025-03-14,1,1,31.45,7.69
South,2025-03-17,1,5,150.43,50.37
South,2025-03-18,2,5,112.59,57.55
South,2025-03-28,1,1,24.37,4.58
South,2025-03-31,1,2,49.59,9.78
South,2025-04-03,1,1,70.97,31.73
South,2025-04-06,1,2,71.66,31.05
South,2025-04-07,1,3,202.08,80.58
South,2025-04-12,1,5,112.08,48.17
South,2025-04-14,1,2,57.87,26.67
South,2025-04-15,1,3,146.86,51.07
South,2025-04-20,1,1,49.49,13.98
South,2025-04-21,2,2,88.59,29.810000000000002
South,2025-04-30,1,1,19.15,3.96
South,2025-05-05,1,2,128.8,68.5
South,2025-05-06,1,3,67.11,10.56
South,2025-05-08,1,2,40.68,9.35
South,2025-05-13,1,2,75.15,20.29
South,2025-05-25,1,1,25.17,6.48
South,2025-05-28,1,1,28.45,8.09
South,2025-06-10,1,1,52.17,13.2
South,2025-06-19,1,1,66.39,24.13
South,2025-06-23,1,1,18.27,6.13
South,2025-06-28,1,1,16.49,2.65
South,2025-06-30,1,3,242.51,99.73
South,2025-07-12,1,2,30.44,8.57
South,2025-07-19,1,5,212.96,47.97
South,2025-07-22,2,6,182.55,82.87
South,2025-07-27,1,4,153.54,40.83
South,2025-08-05,2,5,350.83,90.14
South,2025-08-10,1,1,79.41,14.49
South,2025-08-13,1,3,101.76,22.1
South,2025-08-20,1,2,155.44,15.17
South,2025-08-21,1,1,128.33,23.4
South,2025-08-28,1,1,26.72,16.86
South,2025-08-29,2,6,312.13,38.94
South,2025-09-07,1,1,81.83,17.35
South,2025-09-08,1,5,184.3,57.59
South,2025-09-14,2,4,103.87,43.010000000000005
South,2025-09-16,1,1,43.54,19.52
South,2025-09-18,1,2,57.92,16.04
South,2025-09-24,1,3,87.32,15.17
South,2025-10-02,1,2,103.08,32.86
South,2025-10-07,1,2,61.63,33.03
South,2025-10-10,1,2,224.98,20.44
South,2025-10-11,1,1,85.1,36.68
South,2025-11-01,1,1,12.65,7.09
South,2025-11-03,1,3,117.99,71.12
South,2025-11-07,2,4,143.01,42.38
South,2025-11-08,1,2,13.49,8.34
South,2025-11-09,1,1,27.33,6.25
South,2025-11-11,1,1,18.79,9.02
South,2025-11-15,1,1,16.01,3.32
South,2025-11-20,1,2,92.36,45.51
South,2025-11-26,1,1,43.57,20.22
South,2025-12-07,1,2,35.26,8.66
South,2025-12-14,1,4,372.74,60.42
South,2025-12-15,2,4,181.26,73.75999999999999
South,2025-12-18,1,4,165.31,26.46
South,2025-12-19,1,1,11.64,3.86
South,2025-12-22,1,1,141.1,12.27
South,2025-12-23,1,2,76.53,25.14
South,2025-12-24,2,5,401.32000000000005,67.03
South,2025-12-28,1,2,94.37,7.94
South,2025-12-29,1,2,204.08,32.79
South,2025-12-30,1,1,47.67,15.67
West,2024-01-02,1,1,8.67,3.91
West,2024-01-03,2,2,161.36,45.86
West,2024-01-05,1,3,102.45,32.68
West,2024-01-14,1,3,106.8,68.3
West,2024-01-18,1,4,58.21,25.95
West,2024-01-21,1,4,201.74,73.98
West,2024-01-25,1,2,95.04,17.66
West,2024-01-31,2,5,195.87,45.9
West,2024-02-03,1,1,115.69,14.53
West,2024-02-08,1,1,42.05,22.91
West,2024-02-23,1,1,60.41,13.73
West,2024-02-26,1,3,93.06,34.82
West,2024-03-06,1,1,45.78,10.39
West,2024-03-07,1,3,55.95,18.49
West,2024-03-10,1,1,15.84,5.61
West,2024-03-12,2,6,102.53999999999999,26.08
West,2024-03-13,1,1,28.67,17.55
West,2024-03-14,1,2,111.08,42.24
West,2024-03-16,1,4,237.84,49.31
West,2024-03-26,1,2,44.76,13.79
West,2024-03-27,1,1,32.61,2.87
West,2024-03-28,1,2,89.96,19.36
West,2024-03-29,1,3,26.79,6.93
West,2024-03-30,2,3,139.12,47.04
West,2024-04-05,1,3,34.21,9.67
West,2024-04-07,1,2,56.52,12.9
West,2024-04-08,1,1,16.55,7.93
West,2024-04-10,1,4,56.09,14.23
West,2024-04-13,1,1,24.82,13.08
West,2024-04-15,2,5,197.66,59.019999999999996
West,2024-04-27,1,1,22.53,9.73
West,2024-05-04,1,1,23.33,12.7
West,2024-05-05,1,1,26.19,8.37
West,2024-05-08,1,1,24.59,4.07
West,2024-05-11,1,2,52.36,23.51
West,2024-05-15,1,1,146.01,20.14
West,2024-05-18,1,3,150.06,23.93
West,2024-05-24,1,3,77.13,49.28
West,2024-05-26,1,2,77.1,12.11
West,2024-05-28,1,1,38.99,12.7
West,2024-05-31,1,1,75.78,37.01
West,2024-06-11,2,4,115.02000000000001,43.980000000000004
West,2024-06-23,2,6,392.21000000000004,158.9
West,2024-07-02,1,4,305.16,32.03
West,2024-07-03,1,1,100.19,22.55
West,2024-07-04,1,1,63.89,9.31
West,2024-07-08,1,2,120.31,31.81
West,2024-07-09,1,1,60.33,12.7
West,2024-07-13,1,2,45.36,8.72
West,2024-07-23,1,1,55.0,17.73
West,2024-08-01,2,4,263.15,62.95
West,2024-08-03,1,1,14.5,2.77
West,2024-08-05,1,1,74.09,11.77
West,2024-08-07,1,4,48.04,11.02
West,2024-08-10,1,1,41.97,13.93
West,2024-08-12,1,2,101.37,32.58
West,2024-08-20,1,2,113.86,36.93
West,2024-08-23,1,5,89.04,51.42
West,2024-08-26,1,1,134.58,25.72
West,2024-08-28,1,4,66.72,32.84
West,2024-08-31,1,1,40.95,10.32
West,2024-09-06,2,3,148.54,31.450000000000003
West,2024-09-08,1,2,102.92,48.46
West,2024-09-09,1,2,72.52,25.01
West,2024-09-10,1,1,36.27,22.49
West,2024-09-12,1,1,42.08,14.63
West,2024-09-14,1,3,100.06,50.5
West,2024-09-15,1,3,84.29,22.33
West,2024-09-16,1,1,51.84,15.75
West,2024-09-20,1,1,9.29,1.83
West,2024-09-21,1,2,49.78,14.94
West,2024-09-27,1,4,213.32,63.93
West,2024-10-02,1,1,102.65,25.6
West,2024-10-07,1,1,69.51,15.56
West,2024-10-08,1,1,39.94,21.42
West,2024-10-15,1,3,62.9,23.07
West,2024-10-18,1,3,46.32,10.6
West,2024-10-19,1,4,180.72,29.68
West,2024-10-25,2,5,230.15,111.08
West,2024-10-31,1,5,79.61,28.86
West,2024-11-02,1,1,46.71,22.67
West,2024-11-14,1,2,71.53,33.37
West,2024-11-20,1,1,11.08,4.68
West,2024-11-22,1,1,54.16,29.08
West,2024-11-25,1,4,125.89,33.26
West,2024-12-03,1,2,39.71,19.23
West,2024-12-04,1,2,90.12,49.5
West,2024-12-05,1,4,32.64,9.98
West,2024-12-11,1,1,24.28,8.52
West,2024-12-13,1,2,34.05,7.93
West,2024-12-19,1,5,216.63,49.94
West,2024-12-29,2,5,178.63,51.75
West,2025-01-01,1,1,49.01,8.35
West,2025-01-03,1,2,86.44,44.95
West,2025-01-07,1,1,35.21,19.91
West,2025-01-12,1,2,114.34,31.56
West,2025-01-13,1,1,55.86,13.33
West,2025-01-20,1,1,125.09,22.6
West,2025-01-24,1,1,44.75,18.27
West,2025-01-29,1,2,91.26,33.31
West,2025-02-02,1,2,123.52,43.08
West,2025-02-16,1,4,163.64,78.71
West,2025-02-24,1,2,68.58,14.14
West,2025-02-25,1,2,83.25,20.78
West,2025-03-10,1,1,36.63,18.0
West,2025-03-11,1,3,136.2,21.73
West,2025-03-31,1,3,179.55,55.76
West,2025-04-06,2,4,80.74000000000001,43.620000000000005
West,2025-04-12,1,2,48.8,14.69
West,2025-04-15,1,1,34.17,5.77
West,2025-04-20,1,3,193.43,59.52
West,2025-04-28,1,1,70.8,20.41
West,2025-04-29,1,2,16.46,10.22
West,2025-05-10,1,1,20.32,8.7
West,2025-05-11,1,2,59.78,30.14
West,2025-05-12,2,5,99.64,51.04
West,2025-05-14,1,3,80.34,12.66
West,2025-05-18,1,3,62.04,25.99
West,2025-05-25,1,1,23.89,9.37
West,2025-05-27,1,1,27.61,11.2
West,2025-06-02,1,2,49.76,22.87
West,2025-06-03,1,3,87.82,26.26
West,2025-06-05,1,1,37.46,13.05
West,2025-06-09,1,2,225.84,40.67
West,2025-06-19,1,3,75.43,26.74
West,2025-06-21,1,3,127.47,71.66
West,2025-06-23,1,4,269.1,82.35
West,2025-06-27,1,1,27.38,16.33
West,2025-06-30,1,2,25.4,7.45
West,2025-07-11,1,3,149.01,73.92
West,2025-07-16,1,5,461.44,62.12
West,2025-07-25,1,1,27.12,9.37
West,2025-07-29,1,2,45.83,23.34
West,2025-08-09,1,2,165.19,31.57
West,2025-08-22,1,1,48.92,10.77
West,2025-09-03,1,4,114.52,53.36
West,2025-09-10,1,1,56.42,11.21
West,2025-09-17,1,2,42.52,27.61
West,2025-09-19,1,2,82.1,30.96
West,2025-09-25,1,3,376.1,93.84
West,2025-10-03,1,1,33.37,11.31
West,2025-10-09,1,2,41.15,11.75
West,2025-10-16,1,1,25.21,2.89
West,2025-10-17,1,2,81.74,28.36
West,2025-10-18,1,4,60.95,30.41
West,2025-10-19,1,3,234.27,86.28
West,2025-11-01,1,1,22.9,5.3
West,2025-11-05,1,1,13.06,7.96
West,2025-11-06,1,1,23.62,11.05
West,2025-11-07,1,4,144.54,35.28
West,2025-11-11,2,4,176.44,70.3
West,2025-11-20,1,2,56.94,15.11
West,2025-11-26,1,4,228.0,63.25
West,2025-11-29,1,2,58.08,15.95
West,2025-12-02,1,2,31.08,8.59
West,2025-12-05,1,1,44.94,20.22
West,2025-12-09,1,1,34.78,19.93
West,2025-12-11,1,2,69.12,24.79
West,2025-12-13,1,4,129.16,83.02
West,2025-12-14,1,1,51.75,19.93
West,2025-12-16,2,3,87.35000000000001,12.46
West,2025-12-18,1,2,160.61,20.65
West,2025-12-21,2,7,430.81,109.13
West,2025-12-22,1,1,29.1,8.32
West,2025-12-29,1,1,44.41,12.49
